<?xml version="1.0" encoding="UTF-8"?>
<!DOCTYPE CONF SYSTEM "./pluto_conf.dtd">
<CONF>
	<MAP name="base" value="/data/tms/engine/camp_email"/>
	<MAP name="exe_base" value="/data/tms/engine/lib/"/>
	<MAP name="db_base" value="/data/tms/engine"/>
	<MAP name="url" value="http://192.168.230.209:80"/>
	<MAP name="db_type" value="mssql"/>
	<MAP name="manager_email" value="return@jumuson.com"/>
	<MAP name="contents_url_base" value="http://tmsadmin.hanssem.com:8080/TMS/htdocs/camp/"/>
	<MAP name="tracking_url" value="http://tms.hanssem.com:80/TMS/tracking"/>
	
	<MAP name="server_id" value="01"/>
	<!-- 현재 서버에서 엔진을 구분할 daemon id -->
	<MAP name="daemon_id" value="01" />
	
	<SERVER name="TMS V3.0( CAMP EMAIL ENGINE ) SEND"/>
	<PARAM>
		<class name="pluto.config.eMsSystem"/>
		
		<!-- AMC 연동시 Unique한 값이어야 하며, AMC로부터 발급 받아야함. (업체를 구분하기 위함) -->
		<ext name="amc.sid">tmsDev</ext>
		<ext name="amc.use.yn">N</ext>
		<ext name="amc.url">https://trk-amc.humuson.com/amc.gif?</ext>
		
		<ext name="ems.submit.button"><![CDATA[
			<input type='submit' value='확인'>
		]]></ext>
		<ext name="error.mail.header"><![CDATA[
From: "TMS" <auto65@user.net>
To: "TMS" <ems_user@user.net>
Subject: TMS ( TMS amail) 자동발송 레포트
MIME-Version: 1.0
X-Mailer: TMS Version1.0
Content-Type: text/plain;charset="euc-kr"
Content-Transfer-Encoding: 8bit
		]]></ext>
		<ext name="ems.company.id">amail</ext>		
		<ext name="mail.thread.size">30</ext><!-- 자동메일 메일 등록 최대 임계 수 -->	
		
		
		<ext name="contents.base.url">${contents_url_base}</ext>
		
		
		<ext name="ems.send.info.dir">${base}/info</ext>
			<!-- 테스트 발송 관련 설정 -->
			<!-- TOP으로 카운트할때 기본적으로 가져오는 카운트 -->
		<ext name="temp.working.dir">${base}/tmp</ext>
		<ext name="long.mapping.limit">1024</ext>
		<ext name="tracking.url">${tracking_url}</ext>
		<ext name="content.store.directory">${base}/content_infos</ext>
		<ext name="long.mapping.store.dir">${base}/long_mapping</ext>
		<ext name="spool.limit">100000</ext>
		<ext name="stop.check.cycle">1000</ext>
		<ext name="recycle.limit">3</ext>
		<!-- spool file write location -->
		<ext name="spool.store.directory">${base}/spool</ext>
		<!-- spool file read location -->
		<!--ext name="spool.temp.save.dir">${base}/spool</ext-->
		<!-- 스풀 info 파일을 저장할 디렉토리 / 큐발송을 위해 필요하다. -->
		<ext name="spool.info.save.dir">${base}/spool_infos</ext>
		<!-- 컨텐츠 info 파일을 저장할 디렉토리 / 큐발송을 위해 필요하다. -->
		<ext name="content.info.save.dir">${base}/content_infos</ext>
		<ext name="default.single.mapping.header">TMS_M_ID|TMS_M_TOKEN|TMS_M_NAME|FIELD1|FIELD2|FIELD3|FIELD4|FIELD5|FIELD6|FIELD7|FIELD8</ext>
		
		<!-- 안심메일 -->
		<ext name="cust.id">hanssemTms_safe</ext>
		<ext name="safemail.tag.start"><![CDATA[
			<div id='div_position' style='overflow:hidden;width:@{TMS_M_WIDTH}px;'>
				<table>
					<td valign='top'><img src='http://safe.amail.co.kr/ems61/safemail.jpg?@{ENC_CID}&@{ENC_PID}&${enc_mid}&${enc_m_email}'></td>
					<td>
						<table>
							<tr>
								<td valign='top' style="width:@{TMS_M_WIDTH}px;">
		]]></ext>
		<ext name="safemail.tag.end"><![CDATA[
								</td>
							</tr>
						</table>
					</td>
				</table>
			</div>
		]]></ext>
		
		<!--  hardbounce filter yn -->
		<ext name="hardbounce.filter.check">Y</ext>	
		
		<!--  deny filter yn -->
		<!--  email/phone encrypt flag -->
		<ext name="member.info.encrypt.yn">Y</ext>
		<ext name="member.info.encrypt.key">amail0722!@</ext>
	</PARAM>
	<LOCALE>
		<var name="ems.db.type" value="mssql" />
		<var name="ems.charset" value="UTF-8"/>
		<var name="ems.file.in.charset" value="UTF-8"/>
		<var name="ems.file.out.charset" value="UTF-8"/>

		<!-- 헤더 인코딩 지정 true면 BASE64로 인코딩 하여 전송 false 면 그냥 전송-->
		<var name="header.encode.flag" value="true"/>
		<var name="header.base.charset" value="UTF-8"/>
		<var name="header.mime.charset" value="UTF-8"/>

		<!-- 인코딩 charset 지정 -->
		<var name="content.encode.type" value="8bit"/>
		<var name="content.base.charset" value="UTF-8"/>
		<var name="content.mime.charset" value="UTF-8"/>
		
		<!--  eMs 6.0 변경 업그레이드 사항  시작 -->
		<!--  기본 디폴트 설정 타임아웃 -->
		<var name="timeout.connect" value="30000"/>
		<var name="timeout.init" value="30000"/>
		<var name="timeout.helo" value="30000"/>
		<var name="timeout.mailfrom" value="30000"/>
		<var name="timeout.rcpt" value="30000"/>
		<var name="timeout.data" value="30000"/>
		<var name="timeout.data.block" value="30000"/>
		<var name="timeout.rset" value="30000"/>
		
		<!-- connect나 init 도중에 에러가 발생할 경우에 해당 mx값의 사용 중지 시간  -->
		<var name="disabled.time.of.mx" value="120000"/>

		<!-- connect 도중에 에러가 발생할 경우에 재시도 하는 횟수  -->		
		<var name="smtp.connect.try.limit" value="1"/>
		<!-- init 도중에 에러가 발생할 경우에 재시도 하는 횟수 -->		
		<var name="smtp.init.try.limit" value="1"/>
		<!-- reset 하는 횟수 (하나의 커넥션으로 5통의 메일을 보낼 수 있다.) -->		
		<var name="smtp.rset.limit" value="4"/>
		<!--  eMs 6.0 변경 업그레이드 사항  끝 -->
		<var name="reply.to" value="from" />
		<var name="timeout.init" value="30000" />
		<var name="timeout.helo" value="30000" />
		<var name="timeout.mailfrom" value="30000" />
		<var name="timeout.rcpt" value="30000" />
		<var name="timeout.data" value="30000" />
		<var name="timeout.data.block" value="60000" />
		<var name="timeout.rset" value="30000" />
		<var name="out.of.memory.sleep" value="60000" />
		<var name="rset.helo.resend.domain"
			value=" naver.com chol.net chol.com chollian.co.kr chollian.net korea.com thrunet.com " />
		<var name="smtp.null.reconnect" value="5" />
		<var name="link.crypt" value="false" />
		<var name="link.length.limit" value="120" />
		<var name="smtp.localhost" value="hanssem.com" />
		<var name="nic.ip" value="192.168.230.209" />
		<!-- 매핑 파싱 하면서 매핑안에 매핑 처리하기.. -->
		<var name="hash.second.mapping" value="false" />
		<!--  automail attach -->
		<var name="attach.logic.execute.flag" value="true"/>
		<!-- mgs -->
		<var name="mgs.relay.flag" value="false"/>
		<var name="mgs.relay.port" value="25"/>
		<var name="mgs.relay.seq" value="@#{SEQ}:"/>
		<var name="mgs.relay.server" value="127.0.0.1"/>
	</LOCALE>
	<LOGCHANNEL>
		<CHANNEL ID="TRACE">
			<class name="pluto.common.log.TimeStampLogChannel"/>
			<SYS-ECHO value="false"/>
			<THREAD-ECHO value="true"/>
			<TIME-ECHO value="true"/>
			<DIRECTORY value="${base}/trace" subdir="true"/>
			<PREFIX value="send_trace_"/>
			<SURFIX value=".log"/>
			<TIMESTAMP value="yyyyMMdd"/>
		</CHANNEL>
		<CHANNEL ID="SEND_LOG">
			<class name="pluto.common.log.TimeStampLogChannel"/>
			<SYS-ECHO value="false"/>
			<THREAD-ECHO value="false"/>
			<TIME-ECHO value="false"/>
			<DIRECTORY value="${base}/log" subdir="false"/>
			<PREFIX value="send_"/>
			<SURFIX value=".log"/>
			<TIMESTAMP value="yyyyMMddHH"/>
		</CHANNEL>
		<CHANNEL ID="FAILED_LOG">
			 <class name="pluto.common.log.TimeStampLogChannel"/>
			 <SYS-ECHO value="false"/>
			 <THREAD-ECHO value="false"/>
			 <TIME-ECHO value="false"/>
			 <DIRECTORY value="${base}/agent_log" subdir="true"/>
			 <PREFIX value="failed_"/>
			 <SURFIX value=".log"/>
			 <TIMESTAMP value="yyyyMMddHH"/>
		</CHANNEL>
		<CHANNEL ID="SPOOL_ERROR">
			<class name="pluto.common.log.TimeStampLogChannel"/>
			<SYS-ECHO value="false"/>
			<THREAD-ECHO value="false"/>
			<TIME-ECHO value="true"/>
			<DIRECTORY value="${base}/error" subdir="true"/>
			<PREFIX value="error_"/>
			<SURFIX value=".log"/>
			<TIMESTAMP value="yyyyMMddHH"/>
		</CHANNEL>
		<CHANNEL ID="QUE_AGENT_LOG">
			<class name="pluto.common.log.TimeStampLogChannel"/>
			<SYS-ECHO value="false"/>
			<THREAD-ECHO value="false"/>
			<TIME-ECHO value="true"/>
			<DIRECTORY value="${base}/agent_log" subdir="true"/>
			<PREFIX value="que_agent_"/>
			<SURFIX value=".log"/>
			<TIMESTAMP value="yyyyMMddHH"/>
		</CHANNEL>
		<CHANNEL ID="DNS_AGENT_LOG">
			<class name="pluto.common.log.TimeStampLogChannel"/>
			<SYS-ECHO value="false"/>
			<THREAD-ECHO value="false"/>
			<TIME-ECHO value="true"/>
			<DIRECTORY value="${base}/agent_log" subdir="true"/>
			<PREFIX value="DNS_"/>
			<SURFIX value=".log"/>
			<TIMESTAMP value="yyyyMMddHH"/>
		</CHANNEL>
		<CHANNEL ID="DISABLED_MX_LOG">
            <class name="pluto.common.log.TimeStampLogChannel" />
            <SYS-ECHO value="false" />
            <THREAD-ECHO value="false" />
            <TIME-ECHO value="true" />
            <DIRECTORY value="${base}/error" subdir="true" />
            <PREFIX value="disabled_mx_" />
            <SURFIX value=".log" />
            <TIMESTAMP value="yyyyMMdd" />
        </CHANNEL>
        <CHANNEL ID="FAILED_MAIL_LOG">
            <class name="pluto.common.log.TimeStampLogChannel" />
            <SYS-ECHO value="false" />
            <THREAD-ECHO value="false" />
            <TIME-ECHO value="true" />
            <DIRECTORY value="${base}/error" subdir="true" />
            <PREFIX value="failed_mail_" />
            <SURFIX value=".log" />
            <TIMESTAMP value="yyyyMMdd" />
        </CHANNEL>
		<CHANNEL ID="MAIN_AGENT_LOG">
			<class name="pluto.common.log.TimeStampLogChannel"/>
			<SYS-ECHO value="false"/>
			<THREAD-ECHO value="false"/>
			<TIME-ECHO value="true"/>
			<DIRECTORY value="${base}/agent_log" subdir="true"/>
			<PREFIX value="main_agent_"/>
			<SURFIX value=".log"/>
			<TIMESTAMP value="yyyyMMddHH"/>
		</CHANNEL>
		&LARGE_DOMAIN_CHANNEL;
		&SMALL_DOMAIN_CHANNEL;
	</LOGCHANNEL>
	<INIT>
<!-- 		<TARGET name="TRACER" type="xml"> -->
<!-- 			<class name="pluto.lang.Tracer"/> -->
<!-- 			<level value="error"/> -->
<!-- 			<LOGGER ID="TRACE"/> -->
<!-- 		</TARGET> -->
		<TARGET name="SEND LOGGER" type="xml">
			<class name="pluto.log.SmtpLogger"/>
			<LOGGER ID="SEND_LOG"/>
		</TARGET>
		<TARGET name="FAILED LOGGER" type="xml">
			 <class name="pluto.log.FailedMailLogger"/>
			 <LOGGER ID="FAILED_LOG"/>
		</TARGET>
		<TARGET name="SPOOL ERROR LOGGER" type="xml">
			<class name="pluto.log.ErrorSpoolLogger"/>
			<LOGGER ID="SPOOL_ERROR"/>
		</TARGET>
        <TARGET name="DISABLED_MX_LOG" type="xml">
            <class name="pluto.log.DisabledMXLogger" />
            <LOGGER ID="DISABLED_MX_LOG" />
        </TARGET>
        <TARGET name="FAILED_MAIL_LOG" type="xml">
            <class name="pluto.log.FailedMailLogger" />
            <LOGGER ID="FAILED_MAIL_LOG" />
        </TARGET>
        <TARGET name="DNS">
           <class name="pluto.mail.mx.LookupCacheManager"/>
           <var name="server.list" value="164.124.101.2,168.126.63.1,121.254.160.4"/>
           <var name="lookup.success.ttl" value="604800000"/>
           <var name="lookup.error.ttl"   value="600000"/>
           <var name="logger" value="DNS_AGENT_LOG"/>
           <var name="disk.cache.base" value="${base}/dns"/>
			<!-- 혹시 내부 릴레이 서버를 통해서 발생할때 해당 서버를 지정한다.
			<var name="relay.server" value="localhost"/>
			-->
			<!-- 강제로 릴레이 하는데 relay.server와의 차이는 정상 DNS Lookup 후 발송
			          시점에 릴레이를 하는 점이다.
			<var name="dns.relay.server" value="218.55.16.52"/>
			-->
			<var name="lookup.day.flag" value="N" />
			<!-- 갱신하는 시간 설정 -->
			<var name="lookup.day.hh24" value="01" />
			<!--
			<var name="hosts.path" value="/etc/hosts"/>			
			-->
        </TARGET>
		<!--
		  File I/O에 사용하는 클래스들 file, http, ftp 등 다양한 방식으로 들어오는 
		  url string을 받아 파일을 읽어들인다.
		  index.aaa 로 선언된 FileElement는 aaa: 로 시작하는 파일을 처리한다.
		  url이 어떤 것에도 해당되지 않는 경우는 local file로 받아들여 작업을 진행한다.
		-->
		<TARGET name="FILE ELEMENTS">
			<class name="pluto.io.FileElement"/>
			<var name="index.file" value="pluto.io.LocalFileElement"/>
			<var name="index.http" value="pluto.io.HttpFileElement"/>
			<var name="index.https" value="pluto.io.HttpsFileElement"/>
		</TARGET>
		<!--
		  엔진에서 사용할 DB 쿼리들이 담긴 설정 파일을 읽어들여 메모리에 적재하는 클래스 
		-->
		<TARGET name="SQL MANAGER">
			<class name="pluto.config.SqlManager"/>
			<var name="target.file" value="${base}/conf/camp_email_${db_type}_sql.xml"/>
			<var name="ems.server.id" value="${server_id}"/>
		</TARGET>
		<!--
		  MultiDomainBufferedAgentPool 에서 처리되는 녀석들
		  즉 도메인별로 지정되지 않은 
		  녀석들의 그루핑 사이즈를 정한다.
		-->
		<TARGET name="MULTI RCPT DOMAIN GROUPING MANAGER">
			<class name="pluto.mail.MultiRcptDomainGroupingManager"/>
			<var name="contain.limit" value="1000"/>
			<var name="default" value="50"/>
			<var name="amail.co.kr" value="10"/>
		</TARGET>
		<!--
		  메일 서버와의 통신시 서버로 부터 받는 코드 값을 ems의 에러 코드로 매핑시켜 주는 
		  설정 파일을 읽어들여 메모리에 적재하는 클래스 
		-->
		<TARGET name="SMTP CODE MANAGER">
			<class name="pluto.config.CodeAnalizer"/>
			<var name="info.file" value="${base}/conf/error_code.properties"/>
		</TARGET>
		<!--
		  에러메일 레포트에 관한 설정.
		  report.class값을 읽어서 Class Instance를 만든 후 var node의 값을 
		  property로 넘겨서 초기화 시켜준다.
		  ( 참고 ) jupiter.reporter 패키지를 참고하면 더 많은 클래스를 볼 수 있다.
		<TARGET name="REPORTER">
			<class name="pluto.reporter.Reporter"/>
			<var name="report.class" value="jupiter.reporter.EmailReporter"/>
			<var name="return.path" value="${manager_email}"/>
			<var name="send.email" value="${manager_email}"/>
			<var name="store.url" value="${base}/report"/>
		</TARGET>
		-->
		<!--
		 report.url 폴더에 Report 를 파일로 작성
		-->
		<TARGET name="REPORTER">
			<class name="pluto.reporter.Reporter"/>
			<var name="report.class" value="jupiter.reporter.FileReporter"/>
			<var name="report.url" value="${base}/report"/>
		</TARGET>
		<!--
		  에러메일 레포트를 할때 메세지를 관리한다.
		  info.file 위치의 message property를 읽어서 메모리에 로드하고 
		  에러 리포트 할 때 사용한다.
		  info.file : 메시지 프로퍼티 파일 위치
		-->
		<TARGET name="REPORT MESSAGE MANAGER">
			<class name="pluto.config.ReportMessageManager"/>
			<var name="info.file" value="${base}/conf/auto_msg.properties"/>
		</TARGET>
		<!--
		  큐메일 발송에 관련된 정보를 넘겨 받아 spooler.class, resend.class에 셋팅해준다.
		 
		  next.check.recycle	: 내부 모니터링 쓰레드의 체크주기 단위는 (분)
		  spooler.class			: 큐 발송 스풀 파일을 담당하는 클래스
		  resend.class			: 큐 발송을 담당하는 클래스
		  work.dir				: 큐 스풀링을 하는 디렉토리 지정
		  work.file.header		: 현재 스풀링이 진행되고 있는 파일의 Header
		  work.file.ext			: 현재 스풀링이 진행되고 있는 파일의 Footer
		  wait.file.header		: 스풀링이 끝나 발송하기 전 대기하고 있는 파일의 Header 
		  wait.file.ext			: 스풀링이 끝나 발송하기 전 대기하고 있는 파일의 Footer
		  send.file.header		: 현재 큐발송되고 있는 파일의 Header
		  send.file.ext			: 현재 큐발송되고 있는 파일의 Footer
		  end.dir				: 큐발송을 마친 파일을 저장하는 디렉토리
		  end.file.header		: 큐발송을 마친 파일의 Header
		  end.file.ext			: 큐발송을 마친 파일의 Footer
		  end.dir.timestamp		: 큐발송을 완료한 spool파일을 디렉토리로 나누어 저장할때 디렉토리 규칙
		  store.limit			: 하나의 스풀 파일에 기록할수 있는 최대 건수, Default 10000
		  max.age			 	: 큐에 저장되는 최장 시간 limit에 도달 하지 않더라도 이간이 지나면 큐 발송을 시작한다. 단위 (분)
		-->
		<TARGET name="SPOOLER">
			<class name="venus.spool.common.basic.SpoolingManager"/>
			<var name="next.check.recycle" value="30"/>
			<var name="spooler.class" value="venus.spool.common.handler.StandardSpooler"/>
			<var name="resend.class" value="jupiter.common.task.SimpleQueRecycleMailSendTask"/>
			<var name="work.dir" value="${base}/mqueue"/>
			<var name="work.file.header" value="ResendQue"/>
			<var name="work.file.ext" value=".spooling"/>
			<var name="wait.file.header" value="Resending"/>
			<var name="wait.file.ext" value=".work"/>
			<var name="send.file.header" value="QueProcess"/>
			<var name="send.file.ext" value=".sending"/>
			<var name="end.dir" value="${base}/mqueue"/>
			<var name="end.file.header" value="ResendDone"/>
			<var name="end.file.ext" value=".done"/>
			<var name="end.dir.timestamp" value="yyyyMMddHH"/>
			<var name="store.limit" value="100000"/>
			<var name="max.age" value="30"/>
		</TARGET>
		<!--
		  DB 설정
		-->
		<TARGET name="MAIN DB">
			<!-- ConnectionPool 에서 eMsConnection의 init() method를 같이 invoke한다. -->
			<class name="pluto.db.ConnectionPool"/>
			<!-- Connection Pool 을 사용할때 설정
			-->
			<!--  
			<var name="pool.class" value="pluto.common.db.RecycleConnectionPool"/>
			<var name="connection.class" value="pluto.common.db.RecycleableConnection"/>
			<var name="basic.connection.class" value="pluto.common.db.NotPooledConnection"/>
			-->
			
			<!-- DBCP Config -->
		   <var name="pool.class" value="pluto.common.db.DBCPConnectionPool"/>
		   <var name="connection.class" value="pluto.common.db.DBCPConnection"/>
		   
		   <var name="pool.driver" value="org.apache.commons.dbcp.PoolingDriver"/>
		   <var name="max.wait" value="60000"/>
		   <var name="max.active" value="50"/><!-- 자동메일 30종 기준 (약 37개 DB pool 사용) -->
		   <var name="max.idle" value="50"/>
		   <var name="test.on.return" value="true"/>
		   <var name="test.while.idle" value="true"/>
		   <var name="test.on.borrow" value="true"/>
		   <var name="evict.run.time" value="150000"/>
		   <var name="evict.idle.time" value="-1"/>
		   <var name="validation.query" value="SELECT 1 FROM DUAL"/>
		   <!-- DBCP config end -->
			
			
			<var name="db.name" value="ems"/>
			
			<!-- 
			EMS에서 사용하는 기본 커넥션의 리미트를 지정한다.
			-->
			<!-- no use size 2010.07.08 -->
			<!-- Connection Pool 을 사용하지 않을때 설정
			<var name="pool.size" value="20"/>
			<var name="pool.class" value="pluto.db.DirectConnectionPool"/>
			<var name="connection.class" value="pluto.db.NotPooledConnection"/>
			-->
			<!-- 설정 종료 -->
			<var name="info.file" value="${db_base}/out_db.properties"/>
			<!-- 
			002 테이블에 모든 정보가 있을 경우에는 'info' 
			info.file에 여러 접속정보가 있고 해당 index가 지정될 경우에는 'index'
			둘중에 하나를 지정한다. 기본값은 'info'로 지정된다.
			-->
			<var name="get.connection.type" value="info"/>
			<!-- 
			get.connection.type 이 index 로 되어 있을경우에는
			접속정보를 가져오는 결과셋에서 어떤 컬럼이름을 연결 index로 사용할
			것인지를 지정한다.
			-->
			<var name="get.connection.index" value="CONNECTION_INDEX"/>
			<!--
			커넥션을 모니터링 할것인지 말것인지를결정한다. true 면 10분동안 한 루틴을
			통과하지 못하면 강제적으로 커넥션을 정리한다.
			<var name="connection.monitor.init" value="true"/>-->
		</TARGET>
		
	<!--	<TARGET name="INI SECURE MAIL BODY">
			<class name="modules.secure.initech.INIMasMailBody"/>
			<var name="initec.config" value="${base}/conf/inimas.properties"/>
			<var name="initec.default.id" value="hkfire"/>
			<var name="initec.default.attach.flag" value="true"/>
			<var name="initec.except.domain" value=" "/>
			<var name="initec.object.index" value="####OBJECT####"/>
			<var name="initec.attach.file.name" value="bill.html"/>
			<var name="default.base.url" value="${base}/template/template.html"/>
			<var name="default.attach.url" value="${base}/template/attach.html"/>
			
			<var name="non.secure.attach" value="true"/>
			<var name="attach.store.directory" value="${base}/Download"/>
			<var name="initech.charset" value="euc-kr"/>	
		</TARGET> -->
		
		<!--소프트포럼설정
		<TARGET name="INI SECURE MAIL BODY">
			<class name="modules.secure.softforum.XeiSecureMailBody"/>
			<var name="softforum.config" value="D:/softforum/XecureExpress/conf/xei_smime.conf"/>
   			<var name="softforum.template" value="D:/softforum/XecureExpress/demo/template/template.html"/>
   			<var name="softforum.default.attach" value="true"/>
   			<var name="softforum.except.domain" value=" "/>
   			<var name="softforum.attach.file.name" value="attach.html"/>
   			<var name="default.base.url" value="${xei_base}/template/template.html"/>
			<var name="default.attach.url" value="${xei_base}/template/attach.html"/>
			실제 첨부파일이 있을때 그 첨부 파일을 비보안으로라도 붙일 것인지 플래그
			<var name="non.secure.attach" value="true"/>	
		</TARGET>
		-->
		<!--
		 
		-->
		<TARGET name="DEFAULT MAPPER SAVE CONTROLL">
			<class name="mercury.contents.common.basic.ContentInfoManager"/>
			<var name="base.dir" value="${base}/content_infos"/>
			<var name="file.ext" value=".xml"/>
			<var name="dtd.location" value="../../../../conf/mercury_content.dtd"/>
			<var name="info.xml.charset" value="UTF-8"/>
			<var name="info.out.charset" value="UTF-8"/>
		</TARGET>
		<!--
		 
		-->
		<TARGET name="DEFAULT MAPPER SAVE CONTROLL">
			<class name="venus.spool.common.basic.SpoolInfoManager"/>
			<var name="base.dir" value="${base}/spool_infos"/>
			<var name="file.ext" value=".xml"/>
			<var name="dtd.location" value="../../../../conf/venus_spoolinfo.dtd"/>
			<var name="info.xml.charset" value="UTF-8"/>
			<var name="info.out.charset" value="UTF-8"/>
		</TARGET>
		<!-- 
		 컨텐트 파싱 클래스 지정 
		-->
		<TARGET name="CONTENT INSTANCE FACTORY" type="xml">
			<class name="mercury.contents.common.basic.InstanceFactory"/>
			<type value="O" state="00">
				<Instance name="BodyParser" class="mercury.contents.common.parser.FreemarkerBodyParser"/>
				<Instance name="Message" class="mercury.contents.common.message.SimpleMessage"/>
				<Instance name="MailBody" class="mercury.contents.common.body.SimpleMailBody"/>
			</type>
			<type value="O" state="20">
				<Instance name="BodyParser" class="mercury.contents.common.parser.FreemarkerBodyParser"/>
				<Instance name="Message" class="mercury.contents.common.message.SimpleMessage"/>
				<Instance name="MailBody" class="mercury.contents.common.body.SimpleMailBody"/>
			</type>
			<type value="O" state="35">
				<Instance name="BodyParser" class="mercury.contents.common.parser.FreemarkerBodyParser"/>
				<Instance name="Message" class="mercury.contents.common.message.SimpleMessage"/>
				<Instance name="MailBody" class="mercury.contents.common.body.SimpleMailBody"/>
			</type>
			<type value="O" state="45">
				<Instance name="BodyParser" class="mercury.contents.common.parser.FreemarkerBodyParser"/>
				<Instance name="Message" class="mercury.contents.common.message.SimpleMessage"/>
				<Instance name="MailBody" class="mercury.contents.common.body.SimpleMailBody"/>
			</type>
			<type value="O" state="62">
				<Instance name="BodyParser" class="mercury.contents.common.parser.FreemarkerBodyParser"/>
				<Instance name="Message" class="mercury.contents.common.message.SimpleMessage"/>
				<Instance name="MailBody" class="mercury.contents.common.body.SimpleMailBody"/>
			</type>
		<!--	<type value="O" state="REAL">
				<Instance name="BodyParser" class="mercury.contents.common.parser.FreemarkerBodyParser"/>
				<Instance name="Message" class="mercury.contents.common.message.SimpleMessage"/>
				<Instance name="MailBody" class="mercury.contents.common.body.SimpleMailBody"/>
			</type> -->
			<type value="O" state="TEST">
				<Instance name="BodyParser" class="mercury.contents.common.parser.FreemarkerBodyParser"/>
				<Instance name="Message" class="mercury.contents.common.message.SimpleMessage"/>
				<Instance name="MailBody" class="mercury.contents.common.body.SimpleMailBody"/>
			</type>
			<type value="ATTACH" state="O">
				<Instance name="BodyParser" class="mercury.contents.common.parser.BinaryAttachBodyParser"/>
				<Instance name="Message" class="mercury.contents.common.message.SimpleMessage"/>
			</type>
			<type value="ATTACH" state="B">
				<Instance name="BodyParser" class="mercury.contents.common.parser.BinaryAttachBodyParser"/>
				<Instance name="Message" class="mercury.contents.common.message.SimpleMessage"/>
			</type>

		
		</TARGET>
		<!-- 
		 Spool 파싱 클래스 지정 
		-->
		<TARGET name="SPOOL INSTANCE FACTORY" type="xml">
			<class name="venus.spool.common.basic.InstanceFactory"/>
			<type value="O" state="00">
				<Instance name="SpoolTask" class="venus.spool.auto.task.CampBaseSpoolTask" />
				<!--<Instance name="SpoolTask" class="venus.spool.auto.task.CampBaseSpoolTask"/> -->
				<!--  <Instance name="SpoolTask" class="venus.spool.mass.task.SingleBaseSpoolTask"/> -->
			</type>
			<type value="O" state="35">
				<Instance name="SpoolTask" class="venus.spool.auto.task.CampRetrySpoolTask"/>
			</type>
			<type value="O" state="45">
				<Instance name="SpoolTask" class="venus.spool.auto.task.CampQueRetrySpoolTask"/>
			</type>
			<type value="O" state="62">
				<Instance name="SpoolTask" class="venus.spool.auto.task.CampBaseSpoolTask" />
			</type>
			<!--	<type value="O" state="REAL">
				<Instance name="SpoolTask" class="venus.spool.auto.task.RealTimeSpoolTask"/>
			</type> -->
			<type value="O" state="TEST">
				<Instance name="SpoolTask" class="venus.spool.auto.task.CampTestSpoolTask"/>
			</type>
			<type value="O" state="PERSONAL_RESEND">
				<Instance name="SpoolTask" class="venus.spool.mass.task.PersonalResendSpoolTask"/>
			</type> 
			
		</TARGET>
		<!-- MAIL SEND 클래스 지정 -->
		<TARGET name="MAIL SEND INSTANCE FACTORY" type="xml">
			<class name="pluto.mail.MailSendingInstanceFactory"/>
			<!-- <type value="O" state="00">
				<Instance name="ContentPD" class="mercury.contents.auto.producer.BasicContentPD"/>
				<Instance name="SendTask" class="jupiter.auto.send.task.ListMakeTask"/>
				<Instance name="ListMaker" class="jupiter.auto.actor.BasicListMaker"/>
			</type> -->
			
			<type value="O" state="00">
				<Instance name="ContentPD" class="mercury.contents.auto.producer.BasicContentPD"/>
				<Instance name="SendTask" class="jupiter.auto.send.task.FatigueFilterCampListMakeTask"/>
				<Instance name="ListMaker" class="jupiter.common.actor.DoNothingListMaker"/>
			</type>
			<type value="O" state="20">
				<Instance name="ContentPD" class="mercury.contents.common.producer.SearchContentPD"/>
				<Instance name="SendTask" class="jupiter.auto.send.task.AutoBaseSendTask"/>
				<Instance name="ListMaker" class="jupiter.common.actor.DoNothingListMaker"/>
			</type>
			<type value="O" state="35">
				<Instance name="ContentPD" class="mercury.contents.common.producer.SearchContentPD"/>
				<Instance name="SendTask" class="jupiter.auto.send.task.RetrySendTask"/>
				<Instance name="ListMaker" class="jupiter.common.actor.DoNothingListMaker"/>
			</type>
			<type value="O" state="45">
				<Instance name="ContentPD" class="mercury.contents.common.producer.SearchContentPD"/>
				<Instance name="SendTask" class="jupiter.auto.send.task.QueRetrySendTask"/>
				<Instance name="ListMaker" class="jupiter.common.actor.DoNothingListMaker"/>
			</type>
			<type value="O" state="62">
				<Instance name="ContentPD" class="mercury.contents.auto.producer.BasicContentPD"/>
				<Instance name="SendTask" class="jupiter.auto.send.task.CampListMakeTask"/>
				<Instance name="ListMaker" class="jupiter.common.actor.DoNothingListMaker"/>
			</type>
		<!-- 	
			<type value="O" state="REAL">
					<Instance name="ContentPD" class="mercury.contents.auto.producer.RealtimeContentPD"/>
					<Instance name="SendTask" class="jupiter.auto.send.task.RealTimeSendTask"/>
			</type> 

			
			<type value="O" state="TEST">
				<Instance name="SendTask" class="jupiter.mass.send.task.SingleTestSendTask" />
				<Instance name="ListMaker" class="jupiter.common.actor.DoNothingListMaker" />
			</type>
--> 
			<type value="O" state="TEST">
				<Instance name="ContentPD" class="mercury.contents.auto.producer.TestContentPD"/>
				<Instance name="SendTask" class="jupiter.auto.send.task.CampTestSendTask"/>
				<Instance name="ListMaker" class="jupiter.common.actor.DoNothingListMaker"/>
			</type>
	
		<!--	<type value="S" state="00">
				<Instance name="ContentPD" class="mercury.contents.auto.producer.BasicContentPD"/>
				<Instance name="SendTask" class="jupiter.auto.send.task.ListMakeTask"/>
				<Instance name="ListMaker" class="jupiter.auto.actor.BasicListMaker"/>
			</type> -->
			
		<!-- 	<type value="S" state="00">
				<Instance name="ContentPD" class="mercury.contents.auto.producer.BasicContentPD"/>
				<Instance name="SendTask" class="jupiter.auto.send.task.ListMakeTask"/>
				<Instance name="ListMaker" class="jupiter.common.actor.DoNothingListMaker"/>
			</type>
			<type value="S" state="20">
				<Instance name="ContentPD" class="mercury.contents.common.producer.SearchContentPD"/>
				<Instance name="SendTask" class="jupiter.auto.send.task.AutoBaseSendTask"/>
				<Instance name="ListMaker" class="jupiter.common.actor.DoNothingListMaker"/>
			</type>
			<type value="S" state="35">
				<Instance name="ContentPD" class="mercury.contents.common.producer.SearchContentPD"/>
				<Instance name="SendTask" class="jupiter.auto.send.task.RetrySendTask"/>
				<Instance name="ListMaker" class="jupiter.common.actor.DoNothingListMaker"/>
			</type>
			<type value="S" state="45">
				<Instance name="ContentPD" class="mercury.contents.common.producer.SearchContentPD"/>
				<Instance name="SendTask" class="jupiter.auto.send.task.QueRetrySendTask"/>
				<Instance name="ListMaker" class="jupiter.common.actor.DoNothingListMaker"/>
			</type>
			<type value="S" state="REAL">
				<Instance name="ContentPD" class="mercury.contents.auto.producer.RealtimeContentPD"/>
				<Instance name="SendTask" class="jupiter.auto.send.task.RealTimeSendTask"/>
			</type>
			<type value="S" state="TEST">
				<Instance name="ContentPD" class="mercury.contents.auto.producer.TestContentPD"/>
				<Instance name="SendTask" class="jupiter.auto.send.task.TestSendTask"/>
				<Instance name="ListMaker" class="jupiter.auto.actor.TestListMaker"/>
			</type>		 -->	
		</TARGET>
		<!-- 
		  다수의 스풀 파일이 등록되어 있을 경우 차례대로 스풀 
		  파일에서 한 라인씩 꺼내는 법을 제공하는 클래스
		-->
		<TARGET name="POPPER FACTORY">
			<class name="venus.spool.common.popper.Popper"/>
			<var name="target.class" value="venus.spool.common.popper.StringPopper"/>
			<!--  수신거부재필터링 설정 -->
			<var name="db.url" value="jdbc:oracle:thin:@localhost:1521:orcl"/>
			<var name="db.driver" value="oracle.jdbc.OracleDriver"/>
			<var name="db.id" value="koreanair"/>
			<var name="db.pw" value="koreanair"/>
			<var name="debug.flag" value="false"/>
			<var name="back.spool.path" value="original"/>
			<var name="spool.filter.path" value="filter"/>
			<var name="debug.flag" value="true"/>
			<var name="server.id" value="${server_id}"/>
		</TARGET>
		<TARGET name="COMMUNICATOR">
			<class name="pluto.net.communicator.CommunicationServerActivator"/>
			<var name="listener.port" value="9111"/>
			<var name="listener.quesize" value="10"/>
		</TARGET>
		<TARGET name="PANOPTICON DOMAIN FILTER">
			<class name="pluto.panopticon.monitor.MailSendDomainFilter"/>
		</TARGET>
		<TARGET name="SMTP AGENT POOL" type="xml">
			<class name="jupiter.common.pool.BufferedAgentPool"/>
			<zone name="queue" domain="default">
				<class name="jupiter.common.pool.MultipleDomainBufferedAgentPool"/>
				<subclass value="jupiter.mass.actor.QueRecycleCommunicationActor"/>
				<LOGGER ID="QUE_AGENT_LOG"/>
				<size value="10"/>
				<resetsize value="20"/>
				<buffersize value="500"/>
				<delay value="0"/>
				<wait value="true"/>
				<timeout>
					<TIMEOUT_CONNECT value="10000"/>
					<TIMEOUT_INIT value="40000"/>
					<TIMEOUT_HELO value="60000"/>
					<TIMEOUT_MAILFROM value="60000"/>
					<TIMEOUT_RCPT value="60000"/>
					<TIMEOUT_DATAINIT value="60000"/>
					<TIMEOUT_DATABLOCK value="90000"/>
					<TIMEOUT_RSET value="60000"/>
				</timeout>
			</zone>
			<zone name="single" domain="default">
				<class name="jupiter.common.pool.MultipleDomainBufferedAgentPool"/>
				<subclass value="jupiter.mass.actor.StandardSingleRcptBufferedCommunicationActor"/>
				<LOGGER ID="MAIN_AGENT_LOG"/>
				<size value="50"/>
				<resetsize value="20"/>
				<buffersize value="5000"/>
				<delay value="0"/>
				<wait value="true"/>
				<timeout>
					<TIMEOUT_CONNECT value="10000"/>
					<TIMEOUT_INIT value="40000"/>
					<TIMEOUT_HELO value="60000"/>
					<TIMEOUT_MAILFROM value="60000"/>
					<TIMEOUT_RCPT value="60000"/>
					<TIMEOUT_DATAINIT value="60000"/>
					<TIMEOUT_DATABLOCK value="90000"/>
					<TIMEOUT_RSET value="60000"/>
				</timeout>
			</zone>
			<!-- 원투원 도메인 설정 -->
			<!-- ./domain/large_domain_single_conf.xml -->
			&LARGE_DOMAIN_SINGLE;
			<!-- ./domain/small_domain_single_conf.xml -->			
			&SMALL_DOMAIN_SINGLE;
		</TARGET>
		
		<!--
		  TASK를 관리하는 녀석
		-->
		<TARGET name="TASK MANAGER">
			<class name="pluto.schedule.TaskManager"/>
			<var name="worker.size" value="10"/>
			<var name="check.interval" value="5000"/>
		</TARGET>
		<!--
		  실시간 자동메일 컨텐츠 만드는 녀석
		
		<TARGET name="SET REALTIME CONTENT PD">
			<class name="jupiter.auto.actor.RealtimeListMaker"/>
			<var name="make.class" value="mercury.contents.auto.producer.RealtimeContentPD"/>
		</TARGET>-->
		<!--
		  실시간 자동메일 데이터 끌어오는 녀석
		
		
		<TARGET name="SET REALTIME LIST MAKER">
			<class name="jupiter.common.task.RealTimeCheckTask"/>
			<var name="thread.file.path" value="${base}/conf/mail_thread_size.info"/>
			<var name="make.class" value="jupiter.auto.actor.RealtimeListMaker"/>
		</TARGET>-->
		
		<!-- 
		  100번 검색 발송
		-->
		<TASK name="SCHEDULE CHECK TASK" type="interval" cycle="20000">
			<class name="jupiter.common.task.ScheduleCheckTask"/>
			<!-- 옥션 class name="modules.auction.jupiter.common.task.ScheduleCheckTask"/-->
		</TASK>
		<!-- 
		  001 참조 100 스케쥴 생성
		
		<TASK name="SCHEDULE CREATE TASK" type="interval" cycle="120000">
			<class name="jupiter.auto.send.task.ScheduleCreateTask"/>
		</TASK>-->
		<!-- 
		  큐 스풀 발송-->
		
		<TASK name="QUE SEND TASK" type="interval" cycle="60000">
			<class name="jupiter.common.task.SimpleQueRecycleMailSendTask"/>
		</TASK>
		<!-- 
		  실시간 입력/검색 발송
		
		<TASK name="REAL TIME LIST SEND TASK" type="interval" cycle="60000">
			<class name="jupiter.common.task.RealTimeCheckTask"/>
		</TASK>-->
		<!--
		  대량메일 개별재발송 
		-->
		<TARGET name="SET PERSONAL RESEND TASK">
			<class name="jupiter.mass.send.task.PersonalResendTask"/>
		</TARGET>	 
		<!-- 
		  메모리체크
		-->
		<TASK name="MEMORY CHECK" type="interval" cycle="60000">
			<class name="jupiter.common.task.MemoryMonitorTask"/>
		</TASK>
		<!-- COMMUNICATION Task-->
		<TASK name="COMMUNICATION" type="thread"> 
			<class name="pluto.net.communicator.CommunicationServerActivator"/> 
		</TASK>
		
		<TASK name="AB TEST MAIN SEND TASK" type="interval" cycle="10000">
			<class name="jupiter.common.task.ABTestMainSendCheckTask"/>
		</TASK>
		
		<!-- SYSTEM(HDD, DB) CHECK TASK -->
		<TARGET name="SET CHECK SYSTEM TASK">
			<class name="pluto.common.task.SystemCheckTask"/>
			
			<!-- 서버 구분 값 (같은 서버에 동일 엔진을 여러대 띄울 경우 tms.server.id값은 동일하고 tms.daemon.id값만 다르다) --> 
			<var name="tms.server.id" value="${server_id}"/>
			<!-- 서버 내의 현재 엔진을 구분할 id값 -->
			<var name="tms.daemon.id" value="${daemon_id}"/>
			<var name="tms.daemon.name" value="CAMP_EMAIL_SEND_${daemon_id}"/>
			
			<!-- analysis.type값이 'server'이면 디스크 용량과 db 용량을 같이 체크한다. 그외 값이면 체크하지 않는다. -->
			<var name="analysis.type" value="server"/>
			<!-- 디스크 용량을 체크할 default path -->
			<var name="hdd.path" value="${base}" />
			<var name="db.type" value="${db_type}" />
			<!-- db 정보 파일 경로 -->
			<var name="db.info" value="${db_base}/out_db.properties"/>
			<!-- db용량 max값 설정(단위 MB) -->
			<var name="max.db" value="1048576"/>
			<!-- 하드용량 경고 수치의 비율값 (최대 1~100 사이의 값) -->
			<var name="warning.hdd.percent" value="80"/>
			<!-- DB용량 경고 수치의 비율값 (최대 1~100 사이의 값) -->
			<var name="warning.db.percent" value="80"/>
		</TARGET>
		
		<TASK name="CHECK SYSTEM TASK" cycle="2000">
			<class name="pluto.common.task.SystemCheckTask"/>			
		</TASK>
		
		<!-- 
		  CAMP_RESEND 발송	  -->
		
		 <TASK name="PERSONAL RESEND TASK" type="interval" cycle="10000">
			<class name="jupiter.mass.send.task.PersonalResendTask"/>
		</TASK> 
		
		<TASK name="CHECK HARDBOUNCE TASK" type="interval" cycle="60000">
			<class name="pluto.common.task.HardBounceFilterTask"/>
		</TASK>
		<!-- 
		<TASK name="CHECK DENY TASK" type="interval" cycle="60000">
			<class name="pluto.common.task.DenyFilterTask"/>
		</TASK> -->
	</INIT>
</CONF>
